 [


        { "imageUrl":"google.com", "name":"ritvik","address":"ERC capgemini","phone":"841296","email":"kistavamsi@gmail.com" },
        { "imageUrl":"google.com", "name":"ritvik","address":"ERC capgemini","phone":"841296","email":"kistavamsi@gmail.com" },
        { "imageUrl":"google.com", "name":"ritvik","address":"ERC capgemini","phone":"841296","email":"kistavamsi@gmail.com" },
        { "imageUrl":"google.com", "name":"ritvik","address":"ERC capgemini","phone":"841296","email":"kistavamsi@gmail.com" },
        { "imageUrl":"google.com", "name":"ritvik","address":"ERC capgemini","phone":"841296","email":"kistavamsi@gmail.com" } 
         

]