[
{

"id":21,
"name":"reebok",
"imageUrl":"google.com", 
 "merchant":
	{
			"id":63,
			"name":"Sai",
			"averageRating":4,
			"phone":"21455",
			"address":"Hinjewadi",
			"status":"Approved",
			"startTime":"2019-09-21"
	},
  "order":
	{
			"id":52
			
	},
 "category":
	{
			"name":"Mens Wear"
	},
 	
 	"brand":"Rolex",
 	
 	"description":"Awesome Watch to have ",
 
 	"cost":5000.00,
 	
 	"quantity":42,
	
	"discount":
	{
			"discountPercentage":12
	},
 
 	"viewCount":422,
 
 	"averageRating":4,
	
	"status":"Delivered",
 
 	"customer":  
        { "id":47,"imageUrl":"google.com", "name":"ritvik","address":"ERC capgemini","phone":"841296","email":"kistavamsi@gmail.com" },
 	"startTime":"2018-08-18"
  }
 ]